Changes made at Sat Aug  9 05:58:18 UTC 2025
Changes made at Sat Aug  9 06:00:13 UTC 2025
Changes made at Sat Aug  9 06:01:25 UTC 2025
Changes made at Sat Aug  9 06:10:34 UTC 2025
Changes made at Sat Aug  9 08:14:07 UTC 2025
Changes made at Sat Aug  9 08:15:15 UTC 2025
Changes made at Sat Aug  9 10:11:03 UTC 2025
Changes made at Sat Aug  9 14:10:13 UTC 2025
Changes made at Sat Aug  9 16:12:55 UTC 2025
Changes made at Sun Aug 10 08:14:16 UTC 2025
Changes made at Sun Aug 10 10:11:42 UTC 2025
Changes made at Sun Aug 10 14:10:09 UTC 2025
Changes made at Sun Aug 10 16:13:05 UTC 2025
Changes made at Mon Aug 11 08:18:02 UTC 2025
Changes made at Mon Aug 11 10:13:28 UTC 2025
Changes made at Mon Aug 11 14:14:02 UTC 2025
Changes made at Mon Aug 11 16:14:48 UTC 2025
Changes made at Tue Aug 12 08:16:11 UTC 2025
Changes made at Tue Aug 12 10:12:54 UTC 2025
Changes made at Tue Aug 12 14:12:10 UTC 2025
Changes made at Tue Aug 12 16:14:22 UTC 2025
Changes made at Wed Aug 13 08:15:53 UTC 2025
Changes made at Wed Aug 13 10:12:40 UTC 2025
Changes made at Wed Aug 13 14:12:39 UTC 2025
Changes made at Wed Aug 13 16:11:15 UTC 2025
Changes made at Thu Aug 14 08:16:19 UTC 2025
Changes made at Thu Aug 14 10:12:55 UTC 2025
Changes made at Thu Aug 14 14:11:48 UTC 2025
Changes made at Thu Aug 14 16:14:54 UTC 2025
Changes made at Fri Aug 15 08:15:49 UTC 2025
Changes made at Fri Aug 15 10:12:10 UTC 2025
Changes made at Fri Aug 15 14:11:20 UTC 2025
Changes made at Fri Aug 15 16:13:34 UTC 2025
Changes made at Sat Aug 16 08:13:58 UTC 2025
Changes made at Sat Aug 16 10:10:37 UTC 2025
Changes made at Sat Aug 16 14:09:18 UTC 2025
Changes made at Sat Aug 16 16:12:01 UTC 2025
Changes made at Sun Aug 17 07:54:27 UTC 2025
Changes made at Sun Aug 17 07:58:04 UTC 2025
Changes made at Sun Aug 17 08:08:37 UTC 2025
Changes made at Sun Aug 17 08:14:27 UTC 2025
Changes made at Sun Aug 17 08:16:29 UTC 2025
Changes made at Sun Aug 17 08:17:10 UTC 2025
Changes made at Sun Aug 17 10:11:08 UTC 2025
Changes made at Sun Aug 17 11:01:43 UTC 2025
Changes made at Sun Aug 17 11:04:32 UTC 2025
Changes made at Sun Aug 17 13:48:33 UTC 2025
Changes made at Sun Aug 17 22:49:46 UTC 2025
Changes made at Mon Aug 18 04:12:23 UTC 2025
Changes made at Mon Aug 18 05:42:58 UTC 2025
Changes made at Mon Aug 18 13:58:59 UTC 2025
Changes made at Mon Aug 18 22:45:25 UTC 2025
Changes made at Tue Aug 19 03:47:23 UTC 2025
Changes made at Tue Aug 19 04:51:26 UTC 2025
Changes made at Tue Aug 19 13:51:52 UTC 2025
Changes made at Tue Aug 19 22:45:35 UTC 2025
Changes made at Wed Aug 20 03:45:51 UTC 2025
Changes made at Wed Aug 20 04:52:43 UTC 2025
Changes made at Wed Aug 20 13:53:20 UTC 2025
Changes made at Wed Aug 20 22:45:11 UTC 2025
Changes made at Thu Aug 21 03:45:24 UTC 2025
Changes made at Thu Aug 21 04:51:54 UTC 2025
Changes made at Thu Aug 21 13:51:48 UTC 2025
Changes made at Thu Aug 21 22:45:45 UTC 2025
Changes made at Fri Aug 22 03:45:48 UTC 2025
Changes made at Fri Aug 22 04:51:46 UTC 2025
Changes made at Fri Aug 22 13:49:21 UTC 2025
Changes made at Fri Aug 22 22:45:04 UTC 2025
Changes made at Sat Aug 23 03:42:51 UTC 2025
Changes made at Sat Aug 23 04:49:23 UTC 2025
Changes made at Sat Aug 23 13:44:15 UTC 2025
Changes made at Sat Aug 23 22:44:11 UTC 2025
Changes made at Sun Aug 24 03:55:48 UTC 2025
Changes made at Sun Aug 24 04:52:11 UTC 2025
Changes made at Sun Aug 24 13:46:28 UTC 2025
Changes made at Sun Aug 24 22:45:32 UTC 2025
Changes made at Mon Aug 25 03:55:14 UTC 2025
Changes made at Mon Aug 25 04:54:56 UTC 2025
Changes made at Mon Aug 25 13:51:53 UTC 2025
Changes made at Mon Aug 25 22:46:01 UTC 2025
Changes made at Tue Aug 26 03:47:17 UTC 2025
Changes made at Tue Aug 26 04:51:48 UTC 2025
Changes made at Tue Aug 26 13:51:35 UTC 2025
Changes made at Tue Aug 26 22:44:43 UTC 2025
Changes made at Wed Aug 27 03:27:44 UTC 2025
Changes made at Wed Aug 27 04:48:16 UTC 2025
Changes made at Wed Aug 27 13:49:07 UTC 2025
Changes made at Wed Aug 27 22:44:10 UTC 2025
Changes made at Thu Aug 28 03:32:49 UTC 2025
Changes made at Thu Aug 28 04:48:00 UTC 2025
Changes made at Thu Aug 28 13:49:44 UTC 2025
Changes made at Thu Aug 28 22:43:13 UTC 2025
Changes made at Fri Aug 29 03:27:21 UTC 2025
Changes made at Fri Aug 29 04:48:01 UTC 2025
Changes made at Fri Aug 29 13:47:06 UTC 2025
Changes made at Fri Aug 29 22:42:48 UTC 2025
Changes made at Sat Aug 30 03:20:12 UTC 2025
Changes made at Sat Aug 30 04:45:32 UTC 2025
Changes made at Sat Aug 30 13:40:58 UTC 2025
Changes made at Sat Aug 30 22:42:40 UTC 2025
Changes made at Sun Aug 31 03:39:27 UTC 2025
Changes made at Sun Aug 31 04:46:13 UTC 2025
Changes made at Sun Aug 31 13:41:58 UTC 2025
Changes made at Sun Aug 31 22:43:21 UTC 2025
Changes made at Mon Sep  1 04:00:10 UTC 2025
Changes made at Mon Sep  1 04:54:12 UTC 2025
Changes made at Mon Sep  1 13:49:24 UTC 2025
Changes made at Mon Sep  1 22:43:41 UTC 2025
Changes made at Tue Sep  2 03:42:04 UTC 2025
Changes made at Tue Sep  2 04:51:16 UTC 2025
Changes made at Tue Sep  2 13:50:50 UTC 2025
Changes made at Tue Sep  2 22:41:58 UTC 2025
Changes made at Wed Sep  3 03:17:30 UTC 2025
Changes made at Wed Sep  3 04:47:19 UTC 2025
Changes made at Wed Sep  3 13:47:38 UTC 2025
Changes made at Wed Sep  3 22:42:04 UTC 2025
Changes made at Thu Sep  4 03:18:32 UTC 2025
Changes made at Thu Sep  4 04:45:56 UTC 2025
Changes made at Thu Sep  4 13:46:14 UTC 2025
Changes made at Thu Sep  4 22:42:33 UTC 2025
Changes made at Fri Sep  5 03:22:23 UTC 2025
Changes made at Fri Sep  5 04:47:02 UTC 2025
Changes made at Fri Sep  5 13:46:30 UTC 2025
Changes made at Fri Sep  5 22:41:28 UTC 2025
Changes made at Sat Sep  6 03:16:46 UTC 2025
Changes made at Sat Sep  6 04:44:33 UTC 2025
Changes made at Sat Sep  6 13:39:44 UTC 2025
Changes made at Sat Sep  6 22:41:02 UTC 2025
Changes made at Sun Sep  7 03:26:06 UTC 2025
Changes made at Sun Sep  7 04:44:54 UTC 2025
Changes made at Sun Sep  7 13:39:42 UTC 2025
Changes made at Sun Sep  7 22:41:48 UTC 2025
Changes made at Mon Sep  8 03:41:15 UTC 2025
Changes made at Mon Sep  8 04:48:06 UTC 2025
Changes made at Mon Sep  8 13:50:38 UTC 2025
Changes made at Mon Sep  8 22:43:17 UTC 2025
Changes made at Tue Sep  9 03:26:14 UTC 2025
Changes made at Tue Sep  9 04:47:33 UTC 2025
Changes made at Tue Sep  9 13:53:34 UTC 2025
Changes made at Tue Sep  9 22:41:42 UTC 2025
Changes made at Wed Sep 10 03:17:31 UTC 2025
Changes made at Wed Sep 10 04:44:43 UTC 2025
Changes made at Wed Sep 10 13:46:22 UTC 2025
Changes made at Wed Sep 10 22:42:26 UTC 2025
Changes made at Thu Sep 11 03:24:26 UTC 2025
Changes made at Thu Sep 11 04:47:11 UTC 2025
Changes made at Thu Sep 11 13:44:02 UTC 2025
Changes made at Thu Sep 11 22:41:21 UTC 2025
Changes made at Fri Sep 12 03:17:42 UTC 2025
Changes made at Fri Sep 12 04:44:19 UTC 2025
Changes made at Fri Sep 12 13:45:30 UTC 2025
Changes made at Fri Sep 12 22:41:27 UTC 2025
Changes made at Sat Sep 13 03:02:01 UTC 2025
Changes made at Sat Sep 13 04:43:44 UTC 2025
Changes made at Sat Sep 13 13:39:33 UTC 2025
Changes made at Sat Sep 13 22:40:04 UTC 2025
Changes made at Sun Sep 14 03:25:11 UTC 2025
Changes made at Sun Sep 14 04:44:09 UTC 2025
Changes made at Sun Sep 14 13:39:27 UTC 2025
Changes made at Sun Sep 14 22:40:36 UTC 2025
Changes made at Mon Sep 15 03:43:49 UTC 2025
Changes made at Mon Sep 15 04:48:41 UTC 2025
Changes made at Mon Sep 15 13:45:13 UTC 2025
Changes made at Mon Sep 15 22:41:18 UTC 2025
Changes made at Tue Sep 16 03:19:42 UTC 2025
Changes made at Tue Sep 16 04:46:12 UTC 2025
Changes made at Tue Sep 16 13:49:16 UTC 2025
Changes made at Tue Sep 16 22:39:53 UTC 2025
Changes made at Wed Sep 17 02:44:03 UTC 2025
Changes made at Wed Sep 17 04:44:16 UTC 2025
Changes made at Wed Sep 17 13:44:27 UTC 2025
Changes made at Wed Sep 17 22:40:10 UTC 2025
Changes made at Thu Sep 18 02:45:29 UTC 2025
Changes made at Thu Sep 18 04:44:04 UTC 2025
Changes made at Thu Sep 18 13:44:18 UTC 2025
Changes made at Thu Sep 18 22:40:48 UTC 2025
Changes made at Fri Sep 19 02:48:47 UTC 2025
Changes made at Fri Sep 19 04:43:59 UTC 2025
Changes made at Fri Sep 19 13:44:45 UTC 2025
Changes made at Fri Sep 19 22:40:44 UTC 2025
Changes made at Sat Sep 20 02:42:01 UTC 2025
Changes made at Sat Sep 20 04:43:01 UTC 2025
Changes made at Sat Sep 20 13:40:10 UTC 2025
Changes made at Sat Sep 20 22:40:13 UTC 2025
Changes made at Sun Sep 21 02:54:57 UTC 2025
Changes made at Sun Sep 21 04:43:36 UTC 2025
Changes made at Sun Sep 21 13:40:17 UTC 2025
Changes made at Sun Sep 21 22:41:36 UTC 2025
Changes made at Mon Sep 22 02:54:50 UTC 2025
Changes made at Mon Sep 22 04:44:29 UTC 2025
Changes made at Mon Sep 22 13:46:11 UTC 2025
Changes made at Mon Sep 22 22:41:28 UTC 2025
Changes made at Tue Sep 23 02:45:51 UTC 2025
Changes made at Tue Sep 23 04:43:57 UTC 2025
Changes made at Tue Sep 23 13:47:01 UTC 2025
Changes made at Tue Sep 23 22:41:43 UTC 2025
Changes made at Wed Sep 24 02:47:30 UTC 2025
Changes made at Wed Sep 24 04:44:16 UTC 2025
Changes made at Wed Sep 24 13:46:27 UTC 2025
Changes made at Wed Sep 24 22:39:28 UTC 2025
Changes made at Thu Sep 25 02:49:45 UTC 2025
Changes made at Thu Sep 25 04:44:18 UTC 2025
Changes made at Thu Sep 25 13:46:44 UTC 2025
Changes made at Thu Sep 25 22:41:51 UTC 2025
Changes made at Fri Sep 26 02:47:57 UTC 2025
Changes made at Fri Sep 26 04:43:56 UTC 2025
Changes made at Fri Sep 26 13:44:31 UTC 2025
Changes made at Fri Sep 26 22:41:24 UTC 2025
Changes made at Sat Sep 27 02:42:04 UTC 2025
Changes made at Sat Sep 27 04:43:29 UTC 2025
Changes made at Sat Sep 27 13:39:40 UTC 2025
Changes made at Sat Sep 27 22:40:35 UTC 2025
Changes made at Sun Sep 28 02:55:25 UTC 2025
Changes made at Sun Sep 28 04:43:38 UTC 2025
Changes made at Sun Sep 28 13:39:58 UTC 2025
Changes made at Sun Sep 28 22:41:24 UTC 2025
Changes made at Mon Sep 29 02:51:45 UTC 2025
Changes made at Mon Sep 29 04:45:39 UTC 2025
Changes made at Mon Sep 29 13:47:24 UTC 2025
Changes made at Mon Sep 29 22:40:14 UTC 2025
Changes made at Tue Sep 30 02:46:15 UTC 2025
Changes made at Tue Sep 30 04:44:57 UTC 2025
Changes made at Tue Sep 30 13:47:49 UTC 2025
Changes made at Tue Sep 30 22:42:01 UTC 2025
Changes made at Wed Oct  1 03:00:55 UTC 2025
Changes made at Wed Oct  1 04:45:00 UTC 2025
Changes made at Wed Oct  1 13:47:37 UTC 2025
Changes made at Wed Oct  1 22:41:24 UTC 2025
Changes made at Thu Oct  2 02:44:49 UTC 2025
Changes made at Thu Oct  2 04:43:23 UTC 2025
Changes made at Thu Oct  2 13:44:00 UTC 2025
Changes made at Thu Oct  2 22:41:23 UTC 2025
Changes made at Fri Oct  3 02:44:10 UTC 2025
Changes made at Fri Oct  3 04:42:53 UTC 2025
Changes made at Fri Oct  3 13:43:15 UTC 2025
Changes made at Fri Oct  3 22:40:34 UTC 2025
Changes made at Sat Oct  4 02:38:45 UTC 2025
Changes made at Sat Oct  4 04:42:29 UTC 2025
Changes made at Sat Oct  4 13:39:53 UTC 2025
Changes made at Sat Oct  4 22:40:36 UTC 2025
Changes made at Sun Oct  5 02:54:45 UTC 2025
Changes made at Sun Oct  5 04:42:13 UTC 2025
Changes made at Sun Oct  5 13:39:53 UTC 2025
Changes made at Sun Oct  5 22:40:49 UTC 2025
Changes made at Mon Oct  6 02:49:27 UTC 2025
Changes made at Mon Oct  6 04:43:31 UTC 2025
Changes made at Mon Oct  6 13:47:00 UTC 2025
Changes made at Mon Oct  6 22:41:24 UTC 2025
Changes made at Tue Oct  7 02:45:55 UTC 2025
Changes made at Tue Oct  7 04:43:45 UTC 2025
Changes made at Tue Oct  7 13:46:57 UTC 2025
Changes made at Tue Oct  7 22:41:31 UTC 2025
Changes made at Wed Oct  8 02:46:01 UTC 2025
Changes made at Wed Oct  8 04:44:18 UTC 2025
Changes made at Wed Oct  8 13:47:03 UTC 2025
Changes made at Wed Oct  8 22:42:18 UTC 2025
Changes made at Thu Oct  9 02:48:10 UTC 2025
Changes made at Thu Oct  9 04:44:41 UTC 2025
Changes made at Thu Oct  9 22:41:55 UTC 2025
Changes made at Fri Oct 10 02:48:58 UTC 2025
Changes made at Fri Oct 10 04:44:13 UTC 2025
Changes made at Fri Oct 10 13:44:54 UTC 2025
Changes made at Fri Oct 10 22:41:02 UTC 2025
Changes made at Sat Oct 11 02:41:48 UTC 2025
Changes made at Sat Oct 11 04:42:16 UTC 2025
Changes made at Sat Oct 11 13:39:40 UTC 2025
Changes made at Sat Oct 11 22:40:53 UTC 2025
Changes made at Sun Oct 12 02:50:04 UTC 2025
Changes made at Sun Oct 12 04:43:04 UTC 2025
Changes made at Sun Oct 12 13:39:54 UTC 2025
Changes made at Sun Oct 12 22:41:12 UTC 2025
Changes made at Mon Oct 13 02:57:38 UTC 2025
Changes made at Mon Oct 13 04:45:53 UTC 2025
Changes made at Mon Oct 13 13:48:05 UTC 2025
Changes made at Mon Oct 13 22:41:50 UTC 2025
Changes made at Tue Oct 14 02:48:39 UTC 2025
Changes made at Tue Oct 14 04:44:22 UTC 2025
Changes made at Tue Oct 14 13:47:50 UTC 2025
Changes made at Tue Oct 14 22:42:22 UTC 2025
Changes made at Wed Oct 15 02:52:39 UTC 2025
Changes made at Wed Oct 15 04:44:47 UTC 2025
Changes made at Wed Oct 15 13:49:06 UTC 2025
Changes made at Wed Oct 15 22:41:07 UTC 2025
Changes made at Thu Oct 16 02:50:55 UTC 2025
Changes made at Thu Oct 16 04:44:28 UTC 2025
Changes made at Thu Oct 16 13:49:07 UTC 2025
Changes made at Thu Oct 16 22:41:09 UTC 2025
Changes made at Fri Oct 17 02:49:49 UTC 2025
Changes made at Fri Oct 17 04:44:44 UTC 2025
Changes made at Fri Oct 17 13:44:57 UTC 2025
Changes made at Fri Oct 17 22:42:22 UTC 2025
Changes made at Sat Oct 18 02:43:01 UTC 2025
Changes made at Sat Oct 18 04:42:53 UTC 2025
Changes made at Sat Oct 18 13:40:23 UTC 2025
Changes made at Sat Oct 18 22:41:05 UTC 2025
Changes made at Sun Oct 19 03:05:29 UTC 2025
Changes made at Sun Oct 19 04:44:52 UTC 2025
Changes made at Sun Oct 19 13:40:35 UTC 2025
Changes made at Sun Oct 19 22:42:02 UTC 2025
Changes made at Mon Oct 20 03:04:59 UTC 2025
Changes made at Mon Oct 20 04:46:06 UTC 2025
Changes made at Mon Oct 20 13:47:35 UTC 2025
Changes made at Mon Oct 20 22:42:45 UTC 2025
Changes made at Tue Oct 21 02:53:26 UTC 2025
Changes made at Tue Oct 21 04:45:18 UTC 2025
Changes made at Tue Oct 21 13:51:27 UTC 2025
Changes made at Tue Oct 21 22:41:31 UTC 2025
Changes made at Wed Oct 22 02:59:19 UTC 2025
Changes made at Wed Oct 22 04:46:12 UTC 2025
Changes made at Wed Oct 22 13:51:34 UTC 2025
Changes made at Wed Oct 22 22:39:24 UTC 2025
Changes made at Thu Oct 23 02:51:42 UTC 2025
Changes made at Thu Oct 23 04:44:56 UTC 2025
Changes made at Thu Oct 23 13:49:58 UTC 2025
Changes made at Thu Oct 23 22:42:37 UTC 2025
Changes made at Fri Oct 24 02:48:18 UTC 2025
Changes made at Fri Oct 24 04:44:19 UTC 2025
Changes made at Fri Oct 24 13:47:32 UTC 2025
Changes made at Fri Oct 24 22:43:26 UTC 2025
Changes made at Sat Oct 25 02:50:00 UTC 2025
Changes made at Sat Oct 25 04:43:46 UTC 2025
Changes made at Sat Oct 25 13:40:50 UTC 2025
Changes made at Sat Oct 25 22:40:51 UTC 2025
Changes made at Sun Oct 26 02:57:58 UTC 2025
Changes made at Sun Oct 26 04:44:03 UTC 2025
Changes made at Sun Oct 26 13:41:30 UTC 2025
Changes made at Sun Oct 26 22:42:59 UTC 2025
Changes made at Mon Oct 27 03:08:59 UTC 2025
Changes made at Mon Oct 27 04:50:46 UTC 2025
Changes made at Mon Oct 27 13:50:30 UTC 2025
Changes made at Mon Oct 27 22:43:15 UTC 2025
Changes made at Tue Oct 28 02:54:50 UTC 2025
Changes made at Tue Oct 28 04:45:58 UTC 2025
Changes made at Tue Oct 28 13:48:32 UTC 2025
Changes made at Tue Oct 28 22:43:52 UTC 2025
Changes made at Wed Oct 29 03:05:24 UTC 2025
Changes made at Wed Oct 29 04:48:40 UTC 2025
Changes made at Wed Oct 29 13:51:37 UTC 2025
Changes made at Wed Oct 29 22:44:05 UTC 2025
Changes made at Thu Oct 30 03:01:14 UTC 2025
Changes made at Thu Oct 30 04:45:11 UTC 2025
Changes made at Thu Oct 30 13:48:59 UTC 2025
Changes made at Thu Oct 30 22:42:01 UTC 2025
Changes made at Fri Oct 31 03:00:07 UTC 2025
Changes made at Fri Oct 31 04:46:55 UTC 2025
Changes made at Fri Oct 31 13:47:28 UTC 2025
Changes made at Fri Oct 31 22:43:09 UTC 2025
Changes made at Sat Nov  1 03:00:06 UTC 2025
Changes made at Sat Nov  1 04:43:22 UTC 2025
Changes made at Sat Nov  1 13:40:55 UTC 2025
Changes made at Sat Nov  1 22:41:27 UTC 2025
Changes made at Sun Nov  2 03:05:07 UTC 2025
Changes made at Sun Nov  2 04:45:13 UTC 2025
Changes made at Sun Nov  2 13:40:42 UTC 2025
Changes made at Sun Nov  2 22:42:09 UTC 2025
Changes made at Mon Nov  3 03:06:46 UTC 2025
Changes made at Mon Nov  3 04:49:59 UTC 2025
Changes made at Mon Nov  3 13:48:03 UTC 2025
Changes made at Mon Nov  3 22:43:25 UTC 2025
Changes made at Tue Nov  4 02:59:11 UTC 2025
Changes made at Tue Nov  4 04:45:49 UTC 2025
Changes made at Tue Nov  4 13:51:06 UTC 2025
Changes made at Tue Nov  4 22:44:02 UTC 2025
Changes made at Wed Nov  5 03:01:10 UTC 2025
Changes made at Wed Nov  5 04:46:15 UTC 2025
Changes made at Wed Nov  5 13:50:21 UTC 2025
Changes made at Wed Nov  5 22:44:00 UTC 2025
Changes made at Thu Nov  6 03:04:09 UTC 2025
Changes made at Thu Nov  6 04:48:48 UTC 2025
Changes made at Thu Nov  6 13:49:27 UTC 2025
Changes made at Thu Nov  6 22:44:01 UTC 2025
Changes made at Fri Nov  7 02:59:09 UTC 2025
Changes made at Fri Nov  7 04:45:24 UTC 2025
Changes made at Fri Nov  7 13:45:58 UTC 2025
Changes made at Fri Nov  7 22:43:27 UTC 2025
Changes made at Sat Nov  8 02:49:48 UTC 2025
Changes made at Sat Nov  8 04:44:12 UTC 2025
Changes made at Sat Nov  8 13:41:15 UTC 2025
Changes made at Sat Nov  8 22:41:54 UTC 2025
Changes made at Sun Nov  9 03:02:54 UTC 2025
Changes made at Sun Nov  9 04:44:40 UTC 2025
Changes made at Sun Nov  9 13:41:36 UTC 2025
Changes made at Sun Nov  9 22:42:33 UTC 2025
Changes made at Mon Nov 10 03:08:17 UTC 2025
Changes made at Mon Nov 10 04:48:36 UTC 2025
Changes made at Mon Nov 10 13:49:28 UTC 2025
Changes made at Mon Nov 10 22:44:50 UTC 2025
Changes made at Tue Nov 11 03:03:44 UTC 2025
Changes made at Tue Nov 11 04:47:06 UTC 2025
Changes made at Tue Nov 11 13:48:20 UTC 2025
Changes made at Tue Nov 11 22:43:33 UTC 2025
Changes made at Wed Nov 12 03:02:38 UTC 2025
Changes made at Wed Nov 12 04:47:15 UTC 2025
Changes made at Wed Nov 12 13:50:54 UTC 2025
Changes made at Wed Nov 12 22:42:26 UTC 2025
Changes made at Thu Nov 13 03:04:39 UTC 2025
Changes made at Thu Nov 13 04:47:43 UTC 2025
Changes made at Thu Nov 13 13:51:41 UTC 2025
Changes made at Thu Nov 13 22:43:47 UTC 2025
Changes made at Fri Nov 14 03:03:14 UTC 2025
Changes made at Fri Nov 14 04:46:05 UTC 2025
Changes made at Fri Nov 14 13:47:31 UTC 2025
Changes made at Fri Nov 14 22:43:51 UTC 2025
Changes made at Sat Nov 15 02:53:54 UTC 2025
Changes made at Sat Nov 15 04:44:49 UTC 2025
Changes made at Sat Nov 15 13:41:56 UTC 2025
Changes made at Sat Nov 15 22:41:30 UTC 2025
Changes made at Sun Nov 16 03:07:22 UTC 2025
Changes made at Sun Nov 16 04:46:41 UTC 2025
Changes made at Sun Nov 16 13:41:45 UTC 2025
Changes made at Sun Nov 16 22:43:13 UTC 2025
Changes made at Mon Nov 17 03:05:06 UTC 2025
Changes made at Mon Nov 17 04:48:14 UTC 2025
Changes made at Mon Nov 17 13:50:03 UTC 2025
Changes made at Mon Nov 17 22:44:22 UTC 2025
Changes made at Tue Nov 18 03:02:23 UTC 2025
Changes made at Tue Nov 18 04:46:49 UTC 2025
Changes made at Tue Nov 18 13:49:11 UTC 2025
Changes made at Tue Nov 18 22:44:25 UTC 2025
Changes made at Wed Nov 19 03:02:10 UTC 2025
Changes made at Wed Nov 19 04:46:52 UTC 2025
Changes made at Wed Nov 19 13:50:26 UTC 2025
Changes made at Wed Nov 19 22:44:03 UTC 2025
Changes made at Thu Nov 20 02:57:52 UTC 2025
Changes made at Thu Nov 20 04:45:52 UTC 2025
Changes made at Thu Nov 20 13:47:01 UTC 2025
Changes made at Thu Nov 20 22:42:29 UTC 2025
Changes made at Fri Nov 21 02:59:37 UTC 2025
Changes made at Fri Nov 21 04:46:35 UTC 2025
Changes made at Fri Nov 21 13:46:18 UTC 2025
Changes made at Fri Nov 21 22:43:26 UTC 2025
Changes made at Sat Nov 22 02:51:34 UTC 2025
Changes made at Sat Nov 22 04:44:30 UTC 2025
Changes made at Sat Nov 22 13:41:02 UTC 2025
Changes made at Sat Nov 22 22:43:25 UTC 2025
Changes made at Sun Nov 23 03:15:44 UTC 2025
Changes made at Sun Nov 23 04:53:09 UTC 2025
Changes made at Sun Nov 23 13:41:15 UTC 2025
Changes made at Sun Nov 23 22:43:59 UTC 2025
Changes made at Mon Nov 24 03:12:36 UTC 2025
Changes made at Mon Nov 24 04:54:52 UTC 2025
Changes made at Mon Nov 24 13:52:17 UTC 2025
Changes made at Mon Nov 24 22:44:13 UTC 2025
Changes made at Tue Nov 25 03:04:51 UTC 2025
Changes made at Tue Nov 25 04:48:28 UTC 2025
Changes made at Tue Nov 25 13:51:25 UTC 2025
Changes made at Tue Nov 25 22:44:37 UTC 2025
Changes made at Wed Nov 26 03:04:35 UTC 2025
Changes made at Wed Nov 26 04:48:36 UTC 2025
Changes made at Wed Nov 26 13:52:23 UTC 2025
Changes made at Wed Nov 26 22:43:26 UTC 2025
Changes made at Thu Nov 27 03:01:02 UTC 2025
Changes made at Thu Nov 27 04:48:05 UTC 2025
Changes made at Thu Nov 27 13:50:41 UTC 2025
Changes made at Thu Nov 27 22:43:32 UTC 2025
Changes made at Fri Nov 28 03:00:13 UTC 2025
Changes made at Fri Nov 28 04:47:23 UTC 2025
Changes made at Fri Nov 28 13:47:40 UTC 2025
Changes made at Fri Nov 28 22:43:10 UTC 2025
Changes made at Sat Nov 29 02:58:53 UTC 2025
Changes made at Sat Nov 29 04:46:50 UTC 2025
Changes made at Sat Nov 29 13:43:33 UTC 2025
Changes made at Sat Nov 29 22:43:39 UTC 2025
Changes made at Sun Nov 30 03:15:19 UTC 2025
Changes made at Sun Nov 30 04:54:24 UTC 2025
Changes made at Sun Nov 30 13:43:24 UTC 2025
Changes made at Sun Nov 30 22:44:06 UTC 2025
Changes made at Mon Dec  1 03:27:00 UTC 2025
Changes made at Mon Dec  1 05:03:52 UTC 2025
Changes made at Mon Dec  1 13:53:19 UTC 2025
Changes made at Mon Dec  1 22:44:44 UTC 2025
Changes made at Tue Dec  2 03:07:58 UTC 2025
Changes made at Tue Dec  2 04:52:22 UTC 2025
Changes made at Tue Dec  2 13:54:26 UTC 2025
Changes made at Tue Dec  2 22:43:51 UTC 2025
Changes made at Wed Dec  3 03:06:49 UTC 2025
Changes made at Wed Dec  3 04:50:24 UTC 2025
Changes made at Wed Dec  3 13:55:04 UTC 2025
Changes made at Wed Dec  3 22:45:47 UTC 2025
Changes made at Thu Dec  4 03:08:19 UTC 2025
Changes made at Thu Dec  4 04:52:42 UTC 2025
Changes made at Thu Dec  4 13:55:01 UTC 2025
Changes made at Thu Dec  4 22:44:34 UTC 2025
Changes made at Fri Dec  5 03:08:31 UTC 2025
Changes made at Fri Dec  5 04:51:10 UTC 2025
Changes made at Fri Dec  5 13:50:56 UTC 2025
Changes made at Fri Dec  5 22:43:29 UTC 2025
Changes made at Sat Dec  6 02:56:02 UTC 2025
Changes made at Sat Dec  6 04:45:16 UTC 2025
Changes made at Sat Dec  6 13:43:20 UTC 2025
Changes made at Sat Dec  6 22:43:22 UTC 2025
Changes made at Sun Dec  7 03:15:31 UTC 2025
Changes made at Sun Dec  7 04:51:49 UTC 2025
Changes made at Sun Dec  7 13:43:01 UTC 2025
Changes made at Sun Dec  7 22:43:19 UTC 2025
Changes made at Mon Dec  8 03:10:40 UTC 2025
Changes made at Mon Dec  8 04:55:22 UTC 2025
Changes made at Mon Dec  8 13:52:54 UTC 2025
Changes made at Mon Dec  8 22:45:29 UTC 2025
Changes made at Tue Dec  9 03:07:41 UTC 2025
Changes made at Tue Dec  9 04:50:13 UTC 2025
Changes made at Tue Dec  9 13:53:51 UTC 2025
Changes made at Tue Dec  9 22:43:59 UTC 2025
Changes made at Wed Dec 10 03:11:46 UTC 2025
Changes made at Wed Dec 10 04:55:25 UTC 2025
Changes made at Wed Dec 10 13:56:25 UTC 2025
Changes made at Wed Dec 10 22:46:49 UTC 2025
Changes made at Thu Dec 11 03:13:45 UTC 2025
Changes made at Thu Dec 11 04:56:53 UTC 2025
Changes made at Thu Dec 11 13:57:05 UTC 2025
Changes made at Thu Dec 11 22:46:26 UTC 2025
Changes made at Fri Dec 12 03:12:47 UTC 2025
Changes made at Fri Dec 12 04:55:06 UTC 2025
Changes made at Fri Dec 12 13:53:13 UTC 2025
Changes made at Fri Dec 12 22:45:31 UTC 2025
Changes made at Sat Dec 13 03:04:45 UTC 2025
Changes made at Sat Dec 13 04:48:31 UTC 2025
Changes made at Sat Dec 13 13:44:07 UTC 2025
Changes made at Sat Dec 13 22:44:06 UTC 2025
Changes made at Sun Dec 14 03:17:00 UTC 2025
Changes made at Sun Dec 14 04:54:54 UTC 2025
Changes made at Sun Dec 14 13:44:54 UTC 2025
Changes made at Sun Dec 14 22:43:46 UTC 2025
Changes made at Mon Dec 15 03:18:27 UTC 2025
Changes made at Mon Dec 15 04:59:04 UTC 2025
Changes made at Mon Dec 15 13:58:26 UTC 2025
Changes made at Mon Dec 15 22:46:48 UTC 2025
Changes made at Tue Dec 16 03:12:58 UTC 2025
Changes made at Tue Dec 16 04:56:50 UTC 2025
Changes made at Tue Dec 16 13:56:24 UTC 2025
Changes made at Tue Dec 16 22:45:18 UTC 2025
Changes made at Wed Dec 17 03:09:38 UTC 2025
Changes made at Wed Dec 17 04:54:46 UTC 2025
Changes made at Wed Dec 17 13:53:00 UTC 2025
Changes made at Wed Dec 17 22:46:47 UTC 2025
Changes made at Thu Dec 18 03:10:17 UTC 2025
Changes made at Thu Dec 18 04:56:10 UTC 2025
Changes made at Thu Dec 18 13:55:50 UTC 2025
Changes made at Thu Dec 18 22:46:09 UTC 2025
Changes made at Fri Dec 19 03:12:31 UTC 2025
Changes made at Fri Dec 19 04:55:57 UTC 2025
Changes made at Fri Dec 19 13:50:46 UTC 2025
Changes made at Fri Dec 19 22:45:42 UTC 2025
Changes made at Sat Dec 20 03:04:26 UTC 2025
Changes made at Sat Dec 20 04:48:24 UTC 2025
Changes made at Sat Dec 20 13:44:27 UTC 2025
Changes made at Sat Dec 20 22:43:56 UTC 2025
Changes made at Sun Dec 21 03:17:33 UTC 2025
Changes made at Sun Dec 21 04:56:09 UTC 2025
Changes made at Sun Dec 21 13:45:29 UTC 2025
Changes made at Sun Dec 21 22:44:50 UTC 2025
Changes made at Mon Dec 22 03:20:29 UTC 2025
Changes made at Mon Dec 22 04:58:16 UTC 2025
Changes made at Mon Dec 22 13:52:30 UTC 2025
Changes made at Mon Dec 22 22:46:41 UTC 2025
Changes made at Tue Dec 23 03:15:21 UTC 2025
Changes made at Tue Dec 23 04:58:21 UTC 2025
Changes made at Tue Dec 23 13:53:58 UTC 2025
Changes made at Tue Dec 23 22:45:16 UTC 2025
Changes made at Wed Dec 24 03:12:44 UTC 2025
Changes made at Wed Dec 24 04:57:48 UTC 2025
Changes made at Wed Dec 24 13:50:00 UTC 2025
Changes made at Wed Dec 24 22:46:00 UTC 2025
Changes made at Thu Dec 25 03:15:47 UTC 2025
Changes made at Thu Dec 25 04:58:07 UTC 2025
Changes made at Thu Dec 25 13:50:29 UTC 2025
Changes made at Thu Dec 25 22:45:45 UTC 2025
Changes made at Fri Dec 26 03:13:21 UTC 2025
Changes made at Fri Dec 26 04:55:49 UTC 2025
Changes made at Fri Dec 26 13:50:40 UTC 2025
Changes made at Fri Dec 26 22:45:50 UTC 2025
Changes made at Sat Dec 27 03:11:16 UTC 2025
Changes made at Sat Dec 27 04:54:15 UTC 2025
Changes made at Sat Dec 27 13:46:16 UTC 2025
Changes made at Sat Dec 27 22:45:07 UTC 2025
Changes made at Sun Dec 28 03:25:52 UTC 2025
Changes made at Sun Dec 28 05:01:12 UTC 2025
Changes made at Sun Dec 28 13:47:18 UTC 2025
Changes made at Sun Dec 28 22:46:16 UTC 2025
Changes made at Mon Dec 29 03:26:01 UTC 2025
Changes made at Mon Dec 29 05:04:00 UTC 2025
Changes made at Mon Dec 29 13:55:06 UTC 2025
Changes made at Mon Dec 29 22:45:50 UTC 2025
Changes made at Tue Dec 30 03:16:15 UTC 2025
Changes made at Tue Dec 30 04:59:45 UTC 2025
Changes made at Tue Dec 30 13:54:42 UTC 2025
Changes made at Tue Dec 30 22:46:08 UTC 2025
Changes made at Wed Dec 31 03:15:31 UTC 2025
Changes made at Wed Dec 31 04:58:48 UTC 2025
Changes made at Wed Dec 31 13:51:00 UTC 2025
Changes made at Wed Dec 31 22:46:33 UTC 2025
Changes made at Thu Jan  1 03:27:26 UTC 2026
Changes made at Thu Jan  1 05:02:28 UTC 2026
Changes made at Thu Jan  1 13:51:26 UTC 2026
Changes made at Thu Jan  1 22:46:44 UTC 2026
Changes made at Fri Jan  2 03:18:48 UTC 2026
Changes made at Fri Jan  2 04:59:50 UTC 2026
Changes made at Fri Jan  2 13:51:09 UTC 2026
Changes made at Fri Jan  2 22:47:17 UTC 2026
Changes made at Sat Jan  3 03:10:22 UTC 2026
Changes made at Sat Jan  3 04:54:00 UTC 2026
Changes made at Sat Jan  3 13:46:43 UTC 2026
Changes made at Sat Jan  3 22:45:57 UTC 2026
Changes made at Sun Jan  4 03:28:29 UTC 2026
Changes made at Sun Jan  4 05:02:54 UTC 2026
Changes made at Sun Jan  4 13:47:21 UTC 2026
Changes made at Sun Jan  4 22:46:32 UTC 2026
Changes made at Mon Jan  5 03:31:14 UTC 2026
Changes made at Mon Jan  5 05:10:31 UTC 2026
Changes made at Mon Jan  5 13:58:08 UTC 2026
Changes made at Mon Jan  5 22:48:21 UTC 2026
Changes made at Tue Jan  6 03:17:51 UTC 2026
Changes made at Tue Jan  6 04:59:06 UTC 2026
Changes made at Tue Jan  6 13:55:48 UTC 2026
Changes made at Tue Jan  6 22:48:34 UTC 2026
Changes made at Wed Jan  7 03:17:46 UTC 2026
Changes made at Wed Jan  7 04:59:54 UTC 2026
Changes made at Wed Jan  7 13:57:32 UTC 2026
Changes made at Wed Jan  7 22:48:03 UTC 2026
Changes made at Thu Jan  8 03:17:34 UTC 2026
Changes made at Thu Jan  8 04:59:10 UTC 2026
Changes made at Thu Jan  8 13:58:38 UTC 2026
Changes made at Thu Jan  8 22:48:33 UTC 2026
Changes made at Fri Jan  9 03:18:45 UTC 2026
Changes made at Fri Jan  9 04:59:33 UTC 2026
Changes made at Fri Jan  9 13:55:52 UTC 2026
Changes made at Fri Jan  9 22:47:38 UTC 2026
Changes made at Sat Jan 10 03:12:04 UTC 2026
Changes made at Sat Jan 10 04:56:08 UTC 2026
Changes made at Sat Jan 10 13:47:09 UTC 2026
Changes made at Sat Jan 10 22:45:47 UTC 2026
Changes made at Sun Jan 11 03:27:48 UTC 2026
Changes made at Sun Jan 11 05:01:53 UTC 2026
Changes made at Sun Jan 11 13:48:21 UTC 2026
Changes made at Sun Jan 11 22:46:14 UTC 2026
Changes made at Mon Jan 12 03:26:20 UTC 2026
Changes made at Mon Jan 12 05:05:00 UTC 2026
Changes made at Mon Jan 12 13:59:31 UTC 2026
Changes made at Mon Jan 12 22:46:33 UTC 2026
Changes made at Tue Jan 13 03:17:03 UTC 2026
Changes made at Tue Jan 13 05:00:02 UTC 2026
Changes made at Tue Jan 13 13:59:08 UTC 2026
Changes made at Tue Jan 13 22:49:29 UTC 2026
Changes made at Wed Jan 14 03:24:54 UTC 2026
Changes made at Wed Jan 14 04:59:45 UTC 2026
Changes made at Wed Jan 14 13:58:37 UTC 2026
Changes made at Wed Jan 14 22:50:03 UTC 2026
Changes made at Thu Jan 15 03:19:24 UTC 2026
Changes made at Thu Jan 15 04:59:45 UTC 2026
Changes made at Thu Jan 15 13:58:49 UTC 2026
Changes made at Thu Jan 15 22:48:38 UTC 2026
Changes made at Fri Jan 16 03:18:32 UTC 2026
Changes made at Fri Jan 16 04:58:39 UTC 2026
Changes made at Fri Jan 16 13:56:35 UTC 2026
Changes made at Fri Jan 16 22:47:52 UTC 2026
Changes made at Sat Jan 17 03:10:54 UTC 2026
Changes made at Sat Jan 17 04:53:53 UTC 2026
Changes made at Sat Jan 17 13:46:36 UTC 2026
Changes made at Sat Jan 17 22:45:46 UTC 2026
Changes made at Sun Jan 18 03:24:50 UTC 2026
Changes made at Sun Jan 18 04:58:47 UTC 2026
Changes made at Sun Jan 18 13:47:31 UTC 2026
Changes made at Sun Jan 18 22:45:59 UTC 2026
Changes made at Mon Jan 19 03:26:18 UTC 2026
Changes made at Mon Jan 19 05:06:36 UTC 2026
Changes made at Mon Jan 19 14:00:31 UTC 2026
Changes made at Mon Jan 19 22:48:20 UTC 2026
Changes made at Tue Jan 20 03:21:52 UTC 2026
Changes made at Tue Jan 20 05:03:09 UTC 2026
Changes made at Tue Jan 20 14:02:33 UTC 2026
Changes made at Tue Jan 20 22:46:40 UTC 2026
Changes made at Wed Jan 21 03:21:21 UTC 2026
Changes made at Wed Jan 21 05:02:20 UTC 2026
Changes made at Wed Jan 21 14:02:48 UTC 2026
Changes made at Wed Jan 21 22:54:29 UTC 2026
Changes made at Thu Jan 22 03:25:12 UTC 2026
Changes made at Thu Jan 22 05:03:13 UTC 2026
Changes made at Thu Jan 22 14:02:31 UTC 2026
Changes made at Thu Jan 22 22:50:39 UTC 2026
Changes made at Fri Jan 23 03:21:12 UTC 2026
Changes made at Fri Jan 23 05:01:00 UTC 2026
Changes made at Fri Jan 23 13:59:13 UTC 2026
Changes made at Fri Jan 23 22:46:48 UTC 2026
Changes made at Sat Jan 24 03:14:51 UTC 2026
Changes made at Sat Jan 24 04:56:27 UTC 2026
Changes made at Sat Jan 24 13:48:50 UTC 2026
Changes made at Sat Jan 24 22:46:01 UTC 2026
Changes made at Sun Jan 25 03:31:15 UTC 2026
Changes made at Sun Jan 25 05:05:27 UTC 2026
Changes made at Sun Jan 25 13:51:03 UTC 2026
Changes made at Sun Jan 25 22:47:17 UTC 2026
Changes made at Mon Jan 26 03:33:34 UTC 2026
Changes made at Mon Jan 26 05:09:03 UTC 2026
Changes made at Mon Jan 26 14:00:55 UTC 2026
Changes made at Mon Jan 26 22:49:56 UTC 2026
Changes made at Tue Jan 27 03:25:43 UTC 2026
Changes made at Tue Jan 27 05:02:52 UTC 2026
Changes made at Tue Jan 27 14:03:14 UTC 2026
Changes made at Tue Jan 27 22:48:43 UTC 2026
Changes made at Wed Jan 28 03:23:30 UTC 2026
Changes made at Wed Jan 28 05:02:22 UTC 2026
Changes made at Wed Jan 28 14:03:06 UTC 2026
Changes made at Wed Jan 28 22:55:43 UTC 2026
Changes made at Thu Jan 29 03:53:51 UTC 2026
Changes made at Thu Jan 29 05:30:01 UTC 2026
Changes made at Thu Jan 29 14:10:23 UTC 2026
Changes made at Thu Jan 29 22:56:20 UTC 2026
Changes made at Fri Jan 30 03:53:35 UTC 2026
Changes made at Fri Jan 30 05:32:46 UTC 2026
Changes made at Fri Jan 30 14:08:31 UTC 2026
Changes made at Fri Jan 30 22:55:40 UTC 2026
Changes made at Sat Jan 31 03:40:40 UTC 2026
Changes made at Sat Jan 31 05:24:08 UTC 2026
Changes made at Sat Jan 31 13:58:33 UTC 2026
Changes made at Sat Jan 31 22:51:34 UTC 2026
Changes made at Sun Feb  1 04:15:00 UTC 2026
Changes made at Sun Feb  1 05:44:49 UTC 2026
Changes made at Sun Feb  1 13:59:46 UTC 2026
Changes made at Sun Feb  1 22:53:54 UTC 2026
Changes made at Mon Feb  2 04:06:57 UTC 2026
Changes made at Mon Feb  2 05:47:34 UTC 2026
Changes made at Mon Feb  2 14:23:24 UTC 2026
Changes made at Mon Feb  2 23:07:52 UTC 2026
Changes made at Tue Feb  3 03:59:11 UTC 2026
Changes made at Tue Feb  3 05:36:00 UTC 2026
Changes made at Tue Feb  3 14:26:40 UTC 2026
Changes made at Tue Feb  3 22:58:48 UTC 2026
Changes made at Wed Feb  4 03:57:13 UTC 2026
Changes made at Wed Feb  4 05:33:25 UTC 2026
Changes made at Wed Feb  4 14:25:04 UTC 2026
Changes made at Wed Feb  4 22:54:25 UTC 2026
Changes made at Thu Feb  5 03:58:52 UTC 2026
Changes made at Thu Feb  5 05:40:02 UTC 2026
Changes made at Thu Feb  5 14:27:27 UTC 2026
Changes made at Thu Feb  5 22:57:21 UTC 2026
Changes made at Fri Feb  6 03:58:44 UTC 2026
Changes made at Fri Feb  6 05:38:12 UTC 2026
Changes made at Fri Feb  6 14:23:42 UTC 2026
Changes made at Sat Feb  7 03:51:42 UTC 2026
Changes made at Sat Feb  7 05:28:34 UTC 2026
Changes made at Sat Feb  7 14:00:19 UTC 2026
Changes made at Sat Feb  7 22:56:32 UTC 2026
Changes made at Sun Feb  8 04:19:17 UTC 2026
Changes made at Sun Feb  8 05:47:35 UTC 2026
Changes made at Sun Feb  8 14:01:39 UTC 2026
Changes made at Sun Feb  8 22:58:40 UTC 2026
Changes made at Mon Feb  9 04:09:45 UTC 2026
Changes made at Mon Feb  9 05:53:03 UTC 2026
Changes made at Mon Feb  9 14:45:07 UTC 2026
Changes made at Mon Feb  9 23:07:40 UTC 2026
Changes made at Tue Feb 10 04:17:15 UTC 2026
Changes made at Tue Feb 10 05:57:18 UTC 2026
Changes made at Tue Feb 10 14:43:26 UTC 2026
Changes made at Tue Feb 10 23:10:16 UTC 2026
Changes made at Wed Feb 11 04:14:38 UTC 2026
Changes made at Wed Feb 11 05:53:06 UTC 2026
Changes made at Wed Feb 11 14:37:42 UTC 2026
Changes made at Wed Feb 11 23:01:24 UTC 2026
Changes made at Thu Feb 12 04:08:15 UTC 2026
Changes made at Thu Feb 12 05:47:48 UTC 2026
Changes made at Thu Feb 12 14:33:00 UTC 2026
Changes made at Thu Feb 12 22:59:14 UTC 2026
Changes made at Fri Feb 13 04:05:03 UTC 2026
Changes made at Fri Feb 13 05:44:38 UTC 2026
Changes made at Fri Feb 13 14:24:46 UTC 2026
Changes made at Fri Feb 13 23:02:13 UTC 2026
Changes made at Sat Feb 14 03:54:18 UTC 2026
Changes made at Sat Feb 14 05:32:04 UTC 2026
Changes made at Sat Feb 14 14:00:36 UTC 2026
Changes made at Sat Feb 14 22:53:00 UTC 2026
Changes made at Sun Feb 15 04:06:17 UTC 2026
Changes made at Sun Feb 15 05:40:00 UTC 2026
Changes made at Sun Feb 15 14:01:46 UTC 2026
Changes made at Sun Feb 15 22:54:11 UTC 2026
Changes made at Mon Feb 16 04:07:13 UTC 2026
Changes made at Mon Feb 16 05:50:43 UTC 2026
Changes made at Mon Feb 16 14:26:34 UTC 2026
Changes made at Mon Feb 16 22:58:54 UTC 2026
Changes made at Tue Feb 17 04:02:47 UTC 2026
Changes made at Tue Feb 17 05:43:38 UTC 2026
Changes made at Tue Feb 17 14:29:33 UTC 2026
Changes made at Tue Feb 17 22:59:07 UTC 2026
Changes made at Wed Feb 18 04:04:26 UTC 2026
Changes made at Wed Feb 18 05:45:07 UTC 2026
Changes made at Wed Feb 18 14:29:03 UTC 2026
Changes made at Wed Feb 18 23:02:06 UTC 2026
Changes made at Thu Feb 19 04:03:38 UTC 2026
Changes made at Thu Feb 19 05:43:32 UTC 2026
Changes made at Thu Feb 19 14:31:51 UTC 2026
Changes made at Thu Feb 19 23:01:01 UTC 2026
Changes made at Fri Feb 20 03:58:36 UTC 2026
Changes made at Fri Feb 20 05:38:44 UTC 2026
Changes made at Fri Feb 20 14:22:35 UTC 2026
Changes made at Fri Feb 20 22:57:13 UTC 2026
Changes made at Sat Feb 21 03:49:57 UTC 2026
Changes made at Sat Feb 21 05:28:20 UTC 2026
Changes made at Sat Feb 21 13:59:38 UTC 2026
Changes made at Sat Feb 21 22:52:38 UTC 2026
Changes made at Sun Feb 22 04:00:55 UTC 2026
Changes made at Sun Feb 22 05:36:26 UTC 2026
Changes made at Sun Feb 22 14:00:12 UTC 2026
